"Project name","Soapbox"
"Date range","03/06/2026 12:00 AM - 04/14/2026 11:59 PM"


"Metric","Sessions"
"","Total sessions","9641"
"","Bot sessions","663"

"Metric","Pages per session"
"","Average","1.4003734052484182"

"Metric","Scroll depth"
"","Average","20.76"

"Metric","Active time spent"
"","Active time","33"
"","Total time","140"

"Metric","Users overview"
"","Unique users","6004"
"","Sessions with new users","5295"
"","Sessions with returning users","4348"

"Metric","Insights","No. of sessions","% of sessions"
"","Rage clicks","6","0.06%"
"","Dead click","414","4.29%"
"","Excessive scrolling","0","0%"
"","Quick back click","27","0.28%"

"Metric","Browsers","No. of sessions","% of sessions"
"","ChromeMobile","4282","44.41%"
"","FacebookApp","2744","28.46%"
"","MobileSafari","1054","10.93%"
"","InstagramApp","804","8.34%"
"","Chrome","524","5.44%"
"","GoogleApp","62","0.64%"
"","Unknown","47","0.49%"
"","SamsungInternet","36","0.37%"
"","Edge","36","0.37%"
"","Safari","35","0.36%"
"","AmazonSilk","6","0.06%"
"","EdgeMobile","5","0.05%"
"","FirefoxMobile","3","0.03%"
"","Firefox","2","0.02%"
"","Opera","1","0.01%"

"Metric","Top pages","No. of sessions"
"","https://www.soapboxsoaps.com/pages/progro-density-plus-hair-serum","9372"
"","https://www.soapboxsoaps.com/pages/biotin-hair-care-bundle-3","270"
"","https://www.soapboxsoaps.com/pages/progro-density-plus-hair-serum-cw","25"
"","https://www.soapboxsoaps.com/pages/progro-density-plus-hair-serum#designed-for-you","7"
"","https://www.soapboxsoaps.com/pages/postpartum-hair","2"
"","https://rhmhjulq.top/pages/progro-density-plus-hair-serum","1"

"Metric","Smart events","No. of sessions","% of sessions"
"","Submit form","173","1.79%"
"","Add to cart","103","1.07%"
"","Begin checkout","50","0.52%"
"","Show more","24","0.25%"
"","Play","20","0.21%"
"","Subscribe","5","0.05%"
"","Contact us","4","0.04%"
"","Outbound click","4","0.04%"
"","Pause","2","0.02%"

"Metric","Referrer","No. of sessions"
"","l.facebook.com","4440"
"","m.facebook.com","2701"
"","www.soapboxsoaps.com","746"
"","instagram.com","548"
"","www.google.com","77"
"","www.tiktok.com","47"
"","l.instagram.com","35"
"","com.google.android.googlequicksearchbox","29"
"","dashboard.replo.app","18"
"","www.klaviyo.com","17"
"","lm.facebook.com","15"
"","www.soapbox.co","9"

"Metric","Channel","No. of sessions"
"","Other","242"
"","Direct","37"
"","Referral","7"
"","Social","5"
"","OrganicSearch","1"
"","PaidSearch","1"

"Metric","Campaign","No. of sessions"
"","SCC | ProGRO Soft Launch Campaign","222"
"","UG | AAA | UGC Test | Sales | Adv  Campaign","3"
"","UG | AAA | UGC Test | Sales | Adv+ Campaign","3"
"","6981002263938","1"
"","SCC | AAI | Manual Bidding | Sales | ABO Campaign","1"
"","UG | ProGRO Soft Launch Campaign","1"

"Metric","Source","No. of sessions"
"","Facebook","235"
"","    facebook","230"
"","    m.facebook.com","3"
"","    l.facebook.com","1"
"","    fb","1"
"","Direct","37"
"","    www.soapboxsoaps.com","37"
"","Instagram","5"
"","    ig","5"
"","TikTok","3"
"","    www.tiktok.com","3"
"","Google","2"
"","    google","2"

"Metric","JavaScript errors"
"","Sessions with JavaScript errors"
""," total JavaScript errors","15949"
"","","No. of sessions","% of sessions"
"","script error.","12338","77.36%"
"","can't find variable: _autofillcallbackhandler","3473","21.78%"
"","resizeobserver loop completed with undelivered notifications.","30","0.19%"
"","undefined is not an object (evaluating 'window.webkit.messagehandlers')","26","0.16%"
"","error invoking postmessage: java object is gone","13","0.08%"
"","cannot read properties of undefined (reading 'value')","10","0.06%"
"","error invoking enabledidusertypeonkeyboardlogging: java object is gone","9","0.06%"
"","undefined is not an object (evaluating 'window.webkit.messagehandlers[e].postmessage')","9","0.06%"
"","failed to execute 'transaction' on 'idbdatabase': the database connection is closing.","7","0.04%"
"","goaffpro is already loaded. this message prevents duplicate loading of the script. kindly ignore.","6","0.04%"

"Metric","Performance overview"
"","Score","78.83679114799446"
"","LCP (Largest Contentful Paint)","2.406s"
"","INP (Interaction to Next Paint)","296ms"
"","CLS (Cumulative Layout Shift)","0.048s"

"Metric","URL performance"
"","URL","Score","LCP (Largest Contentful Paint)","INP (Interaction to Next Paint)","CLS (Cumulative Layout Shift)"
"","https://www.soapboxsoaps.com/pages/progro-density-plus-hair-serum","77.12","2.404","288","0.027"

"Metric","Top entry pages","No. of sessions"
"","https://www.soapboxsoaps.com/pages/progro-density-plus-hair-serum","9356"
"","https://www.soapboxsoaps.com/pages/biotin-hair-care-bundle-3","254"
"","https://www.soapboxsoaps.com/pages/progro-density-plus-hair-serum-cw","23"
"","https://www.soapboxsoaps.com/pages/progro-density-plus-hair-serum#designed-for-you","6"
"","https://www.soapboxsoaps.com/pages/postpartum-hair","2"
"","https://rhmhjulq.top/pages/progro-density-plus-hair-serum","1"

"Metric","Top exit pages","No. of sessions"
"","https://www.soapboxsoaps.com/pages/progro-density-plus-hair-serum","9357"
"","https://www.soapboxsoaps.com/pages/biotin-hair-care-bundle-3","253"
"","https://www.soapboxsoaps.com/pages/progro-density-plus-hair-serum-cw","22"
"","https://www.soapboxsoaps.com/pages/progro-density-plus-hair-serum#designed-for-you","7"
"","https://www.soapboxsoaps.com/pages/postpartum-hair","2"
"","https://rhmhjulq.top/pages/progro-density-plus-hair-serum","1"

"Metric","Bot traffic"
"webScraperBotSessions","292"
"suspiciousDeviceBotSessions","268"
"suspiciousNetworkBotSessions","548"
"suspiciousInteractionBotSessions","568"
"ppcAdFraudBotSessions","1"
"otherBotsSessions","0"
"__typename","BotTypes"
